unit,title,file
0,Introduction,introduction.html
1,Defining Rules,defining-rules.html
2,Defining Selectors,defining-selectors.html
3,Defining Styles,defining-styles.html
4,Custom Properties,custom-properties.html
5,Assigning Names,assigning-names.html
6,Activation Strategies,activation-strategies.html
7,Style Property Types,style-property-types.html
8,Style Definition Inheritance,style-definition-inheritance.html
9,Styled Components,styled-components.html
10,Activation Scheduling,activation-scheduling.html
